Lead_ID,Lead_Score,Priority_Bucket,Conversion_Probability
1,99.37,Hot,0.9937
2,18.13,Cold,0.1813
3,18.28,Cold,0.1828
4,15.46,Cold,0.1546
5,98.98,Hot,0.9898
6,17.33,Cold,0.1733
7,99.02,Hot,0.9902
8,6.69,Cold,0.0669
9,14.38,Cold,0.1438
10,34.98,Cold,0.3498
11,57.24,Warm,0.5724
12,91.8,Hot,0.918
13,42.77,Warm,0.4277
14,14.99,Cold,0.1499
15,3.48,Cold,0.0348
16,20.62,Cold,0.2062
17,31.47,Cold,0.3147
18,90.82,Hot,0.9082
19,75.63,Hot,0.7563
20,71.9,Hot,0.719
21,35.6,Cold,0.356
22,73.95,Hot,0.7395
23,75.5,Hot,0.755
24,63.47,Warm,0.6347
25,3.12,Cold,0.0312
26,10.07,Cold,0.1007
27,7.59,Cold,0.0759
28,29.0,Cold,0.29
29,96.68,Hot,0.9668
30,20.61,Cold,0.2061
31,21.5,Cold,0.215
32,20.5,Cold,0.205
33,35.6,Cold,0.356
34,13.53,Cold,0.1353
35,85.81,Hot,0.8581
36,19.04,Cold,0.1904
37,49.93,Warm,0.4993
38,72.17,Hot,0.7217
39,94.34,Hot,0.9434
40,11.67,Cold,0.1167
41,62.22,Warm,0.6222
42,35.6,Cold,0.356
43,34.68,Cold,0.3468
44,76.61,Hot,0.7661
45,16.14,Cold,0.1614
46,27.49,Cold,0.2749
47,25.44,Cold,0.2544
48,31.43,Cold,0.3143
49,22.58,Cold,0.2258
50,6.69,Cold,0.0669
51,82.84,Hot,0.8284
52,79.58,Hot,0.7958
53,44.4,Warm,0.444
54,13.37,Cold,0.1337
55,60.59,Warm,0.6059
56,72.46,Hot,0.7246
57,93.17,Hot,0.9317
58,3.64,Cold,0.0364
59,70.82,Hot,0.7082
60,6.28,Cold,0.0628
61,36.29,Cold,0.3629
62,19.0,Cold,0.19
63,19.25,Cold,0.1925
64,17.14,Cold,0.1714
65,55.27,Warm,0.5527
66,77.48,Hot,0.7748
67,96.08,Hot,0.9608
68,34.67,Cold,0.3467
69,18.19,Cold,0.1819
70,25.04,Cold,0.2504
71,95.5,Hot,0.955
72,96.51,Hot,0.9651
73,43.97,Warm,0.4397
74,65.24,Warm,0.6524
75,83.93,Hot,0.8393
76,74.13,Hot,0.7413
77,21.5,Cold,0.215
78,14.28,Cold,0.1428
79,65.91,Warm,0.6591
80,78.75,Hot,0.7875
81,36.1,Cold,0.361
82,18.28,Cold,0.1828
83,30.63,Cold,0.3063
84,20.77,Cold,0.2077
85,36.32,Cold,0.3632
86,42.56,Warm,0.4256
87,10.86,Cold,0.1086
88,79.73,Hot,0.7973
89,16.41,Cold,0.1641
90,81.33,Hot,0.8133
91,73.14,Hot,0.7314
92,15.18,Cold,0.1518
93,6.18,Cold,0.0618
94,30.18,Cold,0.3018
95,61.43,Warm,0.6143
96,14.97,Cold,0.1497
97,14.2,Cold,0.142
98,92.17,Hot,0.9217
99,17.22,Cold,0.1722
100,98.03,Hot,0.9803
101,68.06,Warm,0.6806
102,14.63,Cold,0.1463
103,4.78,Cold,0.0478
104,18.52,Cold,0.1852
105,79.47,Hot,0.7947
106,69.86,Warm,0.6986
107,59.69,Warm,0.5969
108,75.78,Hot,0.7578
109,10.92,Cold,0.1092
110,87.86,Hot,0.8786
111,59.68,Warm,0.5968
112,12.46,Cold,0.1246
113,95.31,Hot,0.9531
114,92.27,Hot,0.9227
115,47.27,Warm,0.4727
116,16.03,Cold,0.1603
117,37.53,Cold,0.3753
118,14.2,Cold,0.142
119,66.12,Warm,0.6612
120,81.33,Hot,0.8133
121,43.99,Warm,0.4399
122,14.51,Cold,0.1451
123,63.91,Warm,0.6391
124,61.95,Warm,0.6195
125,47.65,Warm,0.4765
126,18.99,Cold,0.1899
127,45.87,Warm,0.4587
128,62.38,Warm,0.6238
129,49.9,Warm,0.499
130,16.73,Cold,0.1673
131,74.2,Hot,0.742
132,81.73,Hot,0.8173
133,20.44,Cold,0.2044
134,17.67,Cold,0.1767
135,33.1,Cold,0.331
136,7.31,Cold,0.0731
137,54.79,Warm,0.5479
138,21.26,Cold,0.2126
139,14.08,Cold,0.1408
140,75.96,Hot,0.7596
141,9.79,Cold,0.0979
142,20.54,Cold,0.2054
143,19.01,Cold,0.1901
144,91.91,Hot,0.9191
145,16.57,Cold,0.1657
146,11.57,Cold,0.1157
147,21.72,Cold,0.2172
148,65.2,Warm,0.652
149,94.05,Hot,0.9405
150,61.0,Warm,0.61
151,14.84,Cold,0.1484
152,79.07,Hot,0.7907
153,86.52,Hot,0.8652
154,85.57,Hot,0.8557
155,84.29,Hot,0.8429
156,92.33,Hot,0.9233
157,14.35,Cold,0.1435
158,35.08,Cold,0.3508
159,70.22,Hot,0.7022
160,18.32,Cold,0.1832
161,74.07,Hot,0.7407
162,25.04,Cold,0.2504
163,17.39,Cold,0.1739
164,10.43,Cold,0.1043
165,49.0,Warm,0.49
166,18.37,Cold,0.1837
167,42.67,Warm,0.4267
168,95.4,Hot,0.954
169,14.24,Cold,0.1424
170,10.33,Cold,0.1033
171,35.57,Cold,0.3557
172,53.43,Warm,0.5343
173,70.38,Hot,0.7038
174,5.82,Cold,0.0582
175,66.9,Warm,0.669
176,6.28,Cold,0.0628
177,15.14,Cold,0.1514
178,13.85,Cold,0.1385
179,66.42,Warm,0.6642
180,69.86,Warm,0.6986
181,8.38,Cold,0.0838
182,97.05,Hot,0.9705
183,14.36,Cold,0.1436
184,27.51,Cold,0.2751
185,89.93,Hot,0.8993
186,43.09,Warm,0.4309
187,62.96,Warm,0.6296
188,36.25,Cold,0.3625
189,21.77,Cold,0.2177
190,84.12,Hot,0.8412
191,16.33,Cold,0.1633
192,18.04,Cold,0.1804
193,75.5,Hot,0.755
194,3.71,Cold,0.0371
195,41.48,Warm,0.4148
196,17.38,Cold,0.1738
197,85.6,Hot,0.856
198,35.82,Cold,0.3582
199,36.14,Cold,0.3614
200,47.32,Warm,0.4732
201,70.55,Hot,0.7055
202,65.24,Warm,0.6524
203,64.49,Warm,0.6449
204,11.01,Cold,0.1101
205,8.07,Cold,0.0807
206,22.26,Cold,0.2226
207,78.73,Hot,0.7873
208,15.98,Cold,0.1598
209,20.89,Cold,0.2089
210,14.04,Cold,0.1404
211,11.62,Cold,0.1162
212,17.76,Cold,0.1776
213,75.74,Hot,0.7574
214,36.25,Cold,0.3625
215,49.35,Warm,0.4935
216,15.39,Cold,0.1539
217,69.71,Warm,0.6971
218,72.46,Hot,0.7246
219,14.0,Cold,0.14
220,44.4,Warm,0.444
221,5.78,Cold,0.0578
222,82.76,Hot,0.8276
223,83.57,Hot,0.8357
224,61.04,Warm,0.6104
225,43.99,Warm,0.4399
226,16.15,Cold,0.1615
227,15.95,Cold,0.1595
228,61.86,Warm,0.6186
229,37.17,Cold,0.3717
230,74.25,Hot,0.7425
231,16.15,Cold,0.1615
232,39.95,Cold,0.3995
233,70.38,Hot,0.7038
234,74.39,Hot,0.7439
235,72.67,Hot,0.7267
236,15.18,Cold,0.1518
237,16.39,Cold,0.1639
238,98.17,Hot,0.9817
239,72.28,Hot,0.7228
240,80.43,Hot,0.8043
241,67.81,Warm,0.6781
242,71.53,Hot,0.7153
243,14.06,Cold,0.1406
244,54.18,Warm,0.5418
245,70.53,Hot,0.7053
246,30.18,Cold,0.3018
247,18.1,Cold,0.181
248,24.71,Cold,0.2471
249,70.38,Hot,0.7038
250,37.1,Cold,0.371
251,8.76,Cold,0.0876
252,58.55,Warm,0.5855
253,15.94,Cold,0.1594
254,62.16,Warm,0.6216
255,77.48,Hot,0.7748
256,23.53,Cold,0.2353
257,42.56,Warm,0.4256
258,31.22,Cold,0.3122
259,33.3,Cold,0.333
260,59.65,Warm,0.5965
261,17.6,Cold,0.176
262,10.43,Cold,0.1043
263,21.46,Cold,0.2146
264,24.62,Cold,0.2462
265,56.25,Warm,0.5625
266,13.5,Cold,0.135
267,69.86,Warm,0.6986
268,41.31,Warm,0.4131
269,17.61,Cold,0.1761
270,87.05,Hot,0.8705
271,85.69,Hot,0.8569
272,70.24,Hot,0.7024
273,69.38,Warm,0.6938
274,80.62,Hot,0.8062
275,29.22,Cold,0.2922
276,75.94,Hot,0.7594
277,35.82,Cold,0.3582
278,7.31,Cold,0.0731
279,8.76,Cold,0.0876
280,81.32,Hot,0.8132
281,65.44,Warm,0.6544
282,19.07,Cold,0.1907
283,84.67,Hot,0.8467
284,41.48,Warm,0.4148
285,99.0,Hot,0.99
286,84.56,Hot,0.8456
287,16.3,Cold,0.163
288,63.5,Warm,0.635
289,70.38,Hot,0.7038
290,16.09,Cold,0.1609
291,65.32,Warm,0.6532
292,17.9,Cold,0.179
293,35.31,Cold,0.3531
294,6.42,Cold,0.0642
295,85.21,Hot,0.8521
296,75.41,Hot,0.7541
297,75.3,Hot,0.753
298,15.27,Cold,0.1527
299,80.37,Hot,0.8037
300,7.43,Cold,0.0743
301,15.62,Cold,0.1562
302,36.15,Cold,0.3615
303,38.88,Cold,0.3888
304,3.64,Cold,0.0364
305,82.76,Hot,0.8276
306,21.45,Cold,0.2145
307,17.3,Cold,0.173
308,2.91,Cold,0.0291
309,74.1,Hot,0.741
310,31.36,Cold,0.3136
311,17.76,Cold,0.1776
312,14.99,Cold,0.1499
313,86.35,Hot,0.8635
314,84.98,Hot,0.8498
315,30.71,Cold,0.3071
316,22.62,Cold,0.2262
317,79.27,Hot,0.7927
318,20.66,Cold,0.2066
319,16.7,Cold,0.167
320,16.45,Cold,0.1645
321,92.42,Hot,0.9242
322,63.57,Warm,0.6357
323,12.36,Cold,0.1236
324,37.38,Cold,0.3738
325,14.91,Cold,0.1491
326,80.47,Hot,0.8047
327,96.06,Hot,0.9606
328,17.14,Cold,0.1714
329,5.79,Cold,0.0579
330,14.87,Cold,0.1487
331,66.37,Warm,0.6637
332,18.11,Cold,0.1811
333,18.32,Cold,0.1832
334,40.31,Warm,0.4031
335,54.21,Warm,0.5421
336,42.23,Warm,0.4223
337,34.14,Cold,0.3414
338,11.67,Cold,0.1167
339,36.79,Cold,0.3679
340,74.61,Hot,0.7461
341,58.37,Warm,0.5837
342,7.81,Cold,0.0781
343,83.27,Hot,0.8327
344,57.03,Warm,0.5703
345,31.04,Cold,0.3104
346,15.8,Cold,0.158
347,92.1,Hot,0.921
348,20.66,Cold,0.2066
349,38.56,Cold,0.3856
350,41.37,Warm,0.4137
351,42.37,Warm,0.4237
352,18.18,Cold,0.1818
353,4.4,Cold,0.044
354,43.1,Warm,0.431
355,16.67,Cold,0.1667
356,47.55,Warm,0.4755
357,21.25,Cold,0.2125
358,7.22,Cold,0.0722
359,14.53,Cold,0.1453
360,57.24,Warm,0.5724
361,14.38,Cold,0.1438
362,10.32,Cold,0.1032
363,16.45,Cold,0.1645
364,70.38,Hot,0.7038
365,7.12,Cold,0.0712
366,77.91,Hot,0.7791
367,42.04,Warm,0.4204
368,73.86,Hot,0.7386
369,68.1,Warm,0.681
370,18.77,Cold,0.1877
371,20.63,Cold,0.2063
372,10.95,Cold,0.1095
373,70.95,Hot,0.7095
374,14.38,Cold,0.1438
375,38.34,Cold,0.3834
376,6.52,Cold,0.0652
377,71.6,Hot,0.716
378,89.14,Hot,0.8914
379,16.92,Cold,0.1692
380,31.37,Cold,0.3137
381,62.76,Warm,0.6276
382,62.3,Warm,0.623
383,6.78,Cold,0.0678
384,30.34,Cold,0.3034
385,24.99,Cold,0.2499
386,18.32,Cold,0.1832
387,16.09,Cold,0.1609
388,71.73,Hot,0.7173
389,72.82,Hot,0.7282
390,18.04,Cold,0.1804
391,31.76,Cold,0.3176
392,75.2,Hot,0.752
393,20.66,Cold,0.2066
394,89.63,Hot,0.8963
395,85.34,Hot,0.8534
396,45.25,Warm,0.4525
397,73.14,Hot,0.7314
398,82.96,Hot,0.8296
399,68.02,Warm,0.6802
400,70.58,Hot,0.7058
401,95.72,Hot,0.9572
402,37.61,Cold,0.3761
403,76.63,Hot,0.7663
404,14.31,Cold,0.1431
405,72.82,Hot,0.7282
406,70.33,Hot,0.7033
407,16.53,Cold,0.1653
408,75.76,Hot,0.7576
409,80.62,Hot,0.8062
410,61.0,Warm,0.61
411,80.32,Hot,0.8032
412,66.94,Warm,0.6694
413,10.84,Cold,0.1084
414,13.19,Cold,0.1319
415,70.46,Hot,0.7046
416,18.99,Cold,0.1899
417,15.95,Cold,0.1595
418,74.25,Hot,0.7425
419,71.9,Hot,0.719
420,5.47,Cold,0.0547
421,30.79,Cold,0.3079
422,35.51,Cold,0.3551
423,71.73,Hot,0.7173
424,65.09,Warm,0.6509
425,44.68,Warm,0.4468
426,30.79,Cold,0.3079
427,13.84,Cold,0.1384
428,92.01,Hot,0.9201
429,75.41,Hot,0.7541
430,79.94,Hot,0.7994
431,4.45,Cold,0.0445
432,34.14,Cold,0.3414
433,74.45,Hot,0.7445
434,18.08,Cold,0.1808
435,18.76,Cold,0.1876
436,17.3,Cold,0.173
437,18.25,Cold,0.1825
438,29.52,Cold,0.2952
439,26.04,Cold,0.2604
440,13.28,Cold,0.1328
441,60.15,Warm,0.6015
442,12.03,Cold,0.1203
443,21.15,Cold,0.2115
444,29.85,Cold,0.2985
445,88.06,Hot,0.8806
446,67.73,Warm,0.6773
447,14.22,Cold,0.1422
448,36.06,Cold,0.3606
449,74.2,Hot,0.742
450,66.33,Warm,0.6633
451,3.01,Cold,0.0301
452,76.82,Hot,0.7682
453,75.28,Hot,0.7528
454,82.43,Hot,0.8243
455,14.04,Cold,0.1404
456,88.26,Hot,0.8826
457,94.24,Hot,0.9424
458,71.6,Hot,0.716
459,65.78,Warm,0.6578
460,10.13,Cold,0.1013
461,9.94,Cold,0.0994
462,72.03,Hot,0.7203
463,78.96,Hot,0.7896
464,14.2,Cold,0.142
465,85.34,Hot,0.8534
466,63.56,Warm,0.6356
467,41.46,Warm,0.4146
468,4.16,Cold,0.0416
469,71.42,Hot,0.7142
470,92.1,Hot,0.921
471,43.26,Warm,0.4326
472,18.75,Cold,0.1875
473,63.59,Warm,0.6359
474,45.61,Warm,0.4561
475,77.7,Hot,0.777
476,9.94,Cold,0.0994
477,72.62,Hot,0.7262
478,86.51,Hot,0.8651
479,34.14,Cold,0.3414
480,40.99,Warm,0.4099
481,83.65,Hot,0.8365
482,24.41,Cold,0.2441
483,79.09,Hot,0.7909
484,19.37,Cold,0.1937
485,18.11,Cold,0.1811
486,35.48,Cold,0.3548
487,90.61,Hot,0.9061
488,19.04,Cold,0.1904
489,18.1,Cold,0.181
490,80.16,Hot,0.8016
491,16.37,Cold,0.1637
492,86.19,Hot,0.8619
493,73.7,Hot,0.737
494,47.85,Warm,0.4785
495,87.17,Hot,0.8717
496,66.63,Warm,0.6663
497,15.92,Cold,0.1592
498,69.97,Warm,0.6997
499,17.58,Cold,0.1758
500,17.76,Cold,0.1776
501,18.52,Cold,0.1852
502,71.68,Hot,0.7168
503,98.6,Hot,0.986
504,37.68,Cold,0.3768
505,73.42,Hot,0.7342
506,99.37,Hot,0.9937
507,31.19,Cold,0.3119
508,59.02,Warm,0.5902
509,42.2,Warm,0.422
510,18.28,Cold,0.1828
511,78.42,Hot,0.7842
512,16.39,Cold,0.1639
513,82.43,Hot,0.8243
514,33.65,Cold,0.3365
515,69.86,Warm,0.6986
516,96.8,Hot,0.968
517,11.82,Cold,0.1182
518,18.83,Cold,0.1883
519,3.01,Cold,0.0301
520,70.72,Hot,0.7072
521,7.59,Cold,0.0759
522,3.9,Cold,0.039
523,13.28,Cold,0.1328
524,36.25,Cold,0.3625
525,69.86,Warm,0.6986
526,36.95,Cold,0.3695
527,13.98,Cold,0.1398
528,68.44,Warm,0.6844
529,10.33,Cold,0.1033
530,13.05,Cold,0.1305
531,16.63,Cold,0.1663
532,16.98,Cold,0.1698
533,80.84,Hot,0.8084
534,33.49,Cold,0.3349
535,16.44,Cold,0.1644
536,8.9,Cold,0.089
537,41.59,Warm,0.4159
538,60.5,Warm,0.605
539,72.83,Hot,0.7283
540,83.02,Hot,0.8302
541,17.22,Cold,0.1722
542,70.38,Hot,0.7038
543,78.47,Hot,0.7847
544,89.68,Hot,0.8968
545,84.12,Hot,0.8412
546,72.49,Hot,0.7249
547,16.15,Cold,0.1615
548,74.78,Hot,0.7478
549,12.13,Cold,0.1213
550,55.31,Warm,0.5531
551,20.49,Cold,0.2049
552,42.63,Warm,0.4263
553,18.1,Cold,0.181
554,50.61,Warm,0.5061
555,66.51,Warm,0.6651
556,83.43,Hot,0.8343
557,17.59,Cold,0.1759
558,7.44,Cold,0.0744
559,62.54,Warm,0.6254
560,77.12,Hot,0.7712
561,7.31,Cold,0.0731
562,15.23,Cold,0.1523
563,14.42,Cold,0.1442
564,92.42,Hot,0.9242
565,16.65,Cold,0.1665
566,79.93,Hot,0.7993
567,84.22,Hot,0.8422
568,5.78,Cold,0.0578
569,6.65,Cold,0.0665
570,88.61,Hot,0.8861
571,17.38,Cold,0.1738
572,77.49,Hot,0.7749
573,18.26,Cold,0.1826
574,16.72,Cold,0.1672
575,27.98,Cold,0.2798
576,68.17,Warm,0.6817
577,69.91,Warm,0.6991
578,99.35,Hot,0.9935
579,23.33,Cold,0.2333
580,87.05,Hot,0.8705
581,12.83,Cold,0.1283
582,22.06,Cold,0.2206
583,55.97,Warm,0.5597
584,14.31,Cold,0.1431
585,70.65,Hot,0.7065
586,35.79,Cold,0.3579
587,92.42,Hot,0.9242
588,14.0,Cold,0.14
589,41.07,Warm,0.4107
590,14.36,Cold,0.1436
591,15.8,Cold,0.158
592,17.6,Cold,0.176
593,42.19,Warm,0.4219
594,86.75,Hot,0.8675
595,95.95,Hot,0.9595
596,82.48,Hot,0.8248
597,8.54,Cold,0.0854
598,58.72,Warm,0.5872
599,70.09,Hot,0.7009
600,13.42,Cold,0.1342
601,78.06,Hot,0.7806
602,8.87,Cold,0.0887
603,18.49,Cold,0.1849
604,91.41,Hot,0.9141
605,72.82,Hot,0.7282
606,70.55,Hot,0.7055
607,30.25,Cold,0.3025
608,98.6,Hot,0.986
609,17.14,Cold,0.1714
610,35.82,Cold,0.3582
611,19.81,Cold,0.1981
612,84.38,Hot,0.8438
613,13.45,Cold,0.1345
614,70.58,Hot,0.7058
615,15.1,Cold,0.151
616,70.51,Hot,0.7051
617,42.19,Warm,0.4219
618,96.23,Hot,0.9623
619,17.24,Cold,0.1724
620,81.12,Hot,0.8112
621,8.5,Cold,0.085
622,64.93,Warm,0.6493
623,16.06,Cold,0.1606
624,6.25,Cold,0.0625
625,17.39,Cold,0.1739
626,16.25,Cold,0.1625
627,88.72,Hot,0.8872
628,68.53,Warm,0.6853
629,66.45,Warm,0.6645
630,3.48,Cold,0.0348
631,6.81,Cold,0.0681
632,15.89,Cold,0.1589
633,87.86,Hot,0.8786
634,88.01,Hot,0.8801
635,7.37,Cold,0.0737
636,97.16,Hot,0.9716
637,30.57,Cold,0.3057
638,25.04,Cold,0.2504
639,92.1,Hot,0.921
640,17.14,Cold,0.1714
641,80.53,Hot,0.8053
642,18.28,Cold,0.1828
643,82.76,Hot,0.8276
644,93.71,Hot,0.9371
645,87.17,Hot,0.8717
646,6.47,Cold,0.0647
647,80.64,Hot,0.8064
648,3.06,Cold,0.0306
649,94.57,Hot,0.9457
650,85.53,Hot,0.8553
651,57.03,Warm,0.5703
652,79.94,Hot,0.7994
653,79.79,Hot,0.7979
654,32.54,Cold,0.3254
655,15.24,Cold,0.1524
656,72.82,Hot,0.7282
657,96.21,Hot,0.9621
658,66.07,Warm,0.6607
659,41.5,Warm,0.415
660,72.82,Hot,0.7282
661,60.75,Warm,0.6075
662,70.55,Hot,0.7055
663,43.44,Warm,0.4344
664,67.96,Warm,0.6796
665,67.66,Warm,0.6766
666,78.86,Hot,0.7886
667,86.59,Hot,0.8659
668,10.0,Cold,0.1
669,16.03,Cold,0.1603
670,26.91,Cold,0.2691
671,16.39,Cold,0.1639
672,73.7,Hot,0.737
673,8.44,Cold,0.0844
674,80.43,Hot,0.8043
675,25.41,Cold,0.2541
676,18.04,Cold,0.1804
677,33.86,Cold,0.3386
678,27.87,Cold,0.2787
679,23.64,Cold,0.2364
680,7.31,Cold,0.0731
681,72.32,Hot,0.7232
682,16.45,Cold,0.1645
683,87.14,Hot,0.8714
684,87.52,Hot,0.8752
685,91.76,Hot,0.9176
686,3.71,Cold,0.0371
687,35.48,Cold,0.3548
688,77.05,Hot,0.7705
689,17.76,Cold,0.1776
690,9.46,Cold,0.0946
691,39.38,Cold,0.3938
692,17.76,Cold,0.1776
693,69.15,Warm,0.6915
694,73.51,Hot,0.7351
695,69.21,Warm,0.6921
696,19.62,Cold,0.1962
697,16.01,Cold,0.1601
698,20.11,Cold,0.2011
699,38.72,Cold,0.3872
700,51.31,Warm,0.5131
701,71.95,Hot,0.7195
702,73.5,Hot,0.735
703,35.76,Cold,0.3576
704,93.6,Hot,0.936
705,16.45,Cold,0.1645
706,15.03,Cold,0.1503
707,12.61,Cold,0.1261
708,79.2,Hot,0.792
709,16.39,Cold,0.1639
710,60.53,Warm,0.6053
711,76.56,Hot,0.7656
712,44.21,Warm,0.4421
713,93.21,Hot,0.9321
714,35.46,Cold,0.3546
715,84.89,Hot,0.8489
716,18.19,Cold,0.1819
717,7.59,Cold,0.0759
718,47.94,Warm,0.4794
719,74.68,Hot,0.7468
720,54.84,Warm,0.5484
721,30.97,Cold,0.3097
722,75.39,Hot,0.7539
723,87.28,Hot,0.8728
724,75.34,Hot,0.7534
725,82.66,Hot,0.8266
726,11.94,Cold,0.1194
727,92.05,Hot,0.9205
728,72.17,Hot,0.7217
729,66.95,Warm,0.6695
730,95.27,Hot,0.9527
731,78.86,Hot,0.7886
732,66.43,Warm,0.6643
733,95.13,Hot,0.9513
734,13.51,Cold,0.1351
735,85.33,Hot,0.8533
736,5.47,Cold,0.0547
737,60.5,Warm,0.605
738,12.36,Cold,0.1236
739,69.97,Warm,0.6997
740,7.31,Cold,0.0731
741,29.14,Cold,0.2914
742,48.63,Warm,0.4863
743,66.48,Warm,0.6648
744,16.45,Cold,0.1645
745,57.12,Warm,0.5712
746,89.26,Hot,0.8926
747,33.11,Cold,0.3311
748,35.87,Cold,0.3587
749,42.37,Warm,0.4237
750,69.86,Warm,0.6986
751,34.14,Cold,0.3414
752,68.84,Warm,0.6884
753,39.83,Cold,0.3983
754,6.78,Cold,0.0678
755,48.07,Warm,0.4807
756,40.53,Warm,0.4053
757,71.68,Hot,0.7168
758,18.08,Cold,0.1808
759,33.85,Cold,0.3385
760,10.68,Cold,0.1068
761,50.5,Warm,0.505
762,13.98,Cold,0.1398
763,34.13,Cold,0.3413
764,17.14,Cold,0.1714
765,14.28,Cold,0.1428
766,78.83,Hot,0.7883
767,3.77,Cold,0.0377
768,75.69,Hot,0.7569
769,7.12,Cold,0.0712
770,3.01,Cold,0.0301
771,16.7,Cold,0.167
772,42.95,Warm,0.4295
773,15.63,Cold,0.1563
774,3.02,Cold,0.0302
775,75.25,Hot,0.7525
776,12.52,Cold,0.1252
777,62.05,Warm,0.6205
778,18.1,Cold,0.181
779,21.5,Cold,0.215
780,18.62,Cold,0.1862
781,13.28,Cold,0.1328
782,17.46,Cold,0.1746
783,70.55,Hot,0.7055
784,11.35,Cold,0.1135
785,68.82,Warm,0.6882
786,98.37,Hot,0.9837
787,9.43,Cold,0.0943
788,30.23,Cold,0.3023
789,9.34,Cold,0.0934
790,15.86,Cold,0.1586
791,64.02,Warm,0.6402
792,73.98,Hot,0.7398
793,11.72,Cold,0.1172
794,41.84,Warm,0.4184
795,83.67,Hot,0.8367
796,28.61,Cold,0.2861
797,6.69,Cold,0.0669
798,57.12,Warm,0.5712
799,90.25,Hot,0.9025
800,77.12,Hot,0.7712
801,19.64,Cold,0.1964
802,71.27,Hot,0.7127
803,32.07,Cold,0.3207
804,55.18,Warm,0.5518
805,89.28,Hot,0.8928
806,68.53,Warm,0.6853
807,17.14,Cold,0.1714
808,71.6,Hot,0.716
809,29.9,Cold,0.299
810,65.27,Warm,0.6527
811,58.06,Warm,0.5806
812,14.47,Cold,0.1447
813,18.19,Cold,0.1819
814,32.36,Cold,0.3236
815,16.71,Cold,0.1671
816,54.98,Warm,0.5498
817,44.92,Warm,0.4492
818,56.4,Warm,0.564
819,85.52,Hot,0.8552
820,22.99,Cold,0.2299
821,14.24,Cold,0.1424
822,20.66,Cold,0.2066
823,70.95,Hot,0.7095
824,30.68,Cold,0.3068
825,36.39,Cold,0.3639
826,16.64,Cold,0.1664
827,56.62,Warm,0.5662
828,4.0,Cold,0.04
829,83.29,Hot,0.8329
830,8.17,Cold,0.0817
831,83.03,Hot,0.8303
832,79.93,Hot,0.7993
833,13.5,Cold,0.135
834,80.69,Hot,0.8069
835,72.85,Hot,0.7285
836,71.28,Hot,0.7128
837,66.35,Warm,0.6635
838,10.87,Cold,0.1087
839,59.32,Warm,0.5932
840,56.04,Warm,0.5604
841,76.85,Hot,0.7685
842,72.49,Hot,0.7249
843,13.72,Cold,0.1372
844,30.29,Cold,0.3029
845,56.52,Warm,0.5652
846,78.0,Hot,0.78
847,85.6,Hot,0.856
848,35.57,Cold,0.3557
849,87.17,Hot,0.8717
850,46.07,Warm,0.4607
851,72.83,Hot,0.7283
852,65.35,Warm,0.6535
853,18.13,Cold,0.1813
854,33.97,Cold,0.3397
855,38.09,Cold,0.3809
856,15.09,Cold,0.1509
857,17.05,Cold,0.1705
858,44.04,Warm,0.4404
859,55.72,Warm,0.5572
860,20.38,Cold,0.2038
861,68.66,Warm,0.6866
862,31.46,Cold,0.3146
863,42.0,Warm,0.42
864,26.69,Cold,0.2669
865,73.83,Hot,0.7383
866,29.76,Cold,0.2976
867,98.99,Hot,0.9899
868,66.12,Warm,0.6612
869,17.52,Cold,0.1752
870,55.58,Warm,0.5558
871,16.09,Cold,0.1609
872,13.33,Cold,0.1333
873,60.46,Warm,0.6046
874,7.43,Cold,0.0743
875,16.57,Cold,0.1657
876,67.29,Warm,0.6729
877,6.41,Cold,0.0641
878,74.2,Hot,0.742
879,13.04,Cold,0.1304
880,72.82,Hot,0.7282
881,17.93,Cold,0.1793
882,71.1,Hot,0.711
883,33.9,Cold,0.339
884,16.09,Cold,0.1609
885,61.2,Warm,0.612
886,18.35,Cold,0.1835
887,20.52,Cold,0.2052
888,48.34,Warm,0.4834
889,92.05,Hot,0.9205
890,95.93,Hot,0.9593
891,84.89,Hot,0.8489
892,21.6,Cold,0.216
893,24.4,Cold,0.244
894,30.63,Cold,0.3063
895,80.43,Hot,0.8043
896,79.47,Hot,0.7947
897,56.31,Warm,0.5631
898,72.97,Hot,0.7297
899,51.32,Warm,0.5132
900,73.12,Hot,0.7312
901,80.43,Hot,0.8043
902,75.76,Hot,0.7576
903,18.19,Cold,0.1819
904,30.63,Cold,0.3063
905,80.64,Hot,0.8064
906,47.04,Warm,0.4704
907,10.61,Cold,0.1061
908,69.41,Warm,0.6941
909,78.52,Hot,0.7852
910,81.15,Hot,0.8115
911,19.79,Cold,0.1979
912,11.16,Cold,0.1116
913,70.97,Hot,0.7097
914,35.34,Cold,0.3534
915,14.35,Cold,0.1435
916,58.1,Warm,0.581
917,53.45,Warm,0.5345
918,30.36,Cold,0.3036
919,35.7,Cold,0.357
920,78.01,Hot,0.7801
921,16.65,Cold,0.1665
922,76.52,Hot,0.7652
923,40.53,Warm,0.4053
924,10.84,Cold,0.1084
925,67.63,Warm,0.6763
926,17.14,Cold,0.1714
927,36.13,Cold,0.3613
928,7.6,Cold,0.076
929,39.66,Cold,0.3966
930,8.12,Cold,0.0812
931,17.45,Cold,0.1745
932,86.75,Hot,0.8675
933,18.66,Cold,0.1866
934,41.48,Warm,0.4148
935,8.29,Cold,0.0829
936,17.42,Cold,0.1742
937,35.82,Cold,0.3582
938,38.2,Cold,0.382
939,43.99,Warm,0.4399
940,17.58,Cold,0.1758
941,10.87,Cold,0.1087
942,70.38,Hot,0.7038
943,16.16,Cold,0.1616
944,70.08,Hot,0.7008
945,54.65,Warm,0.5465
946,10.63,Cold,0.1063
947,25.03,Cold,0.2503
948,64.66,Warm,0.6466
949,16.15,Cold,0.1615
950,70.01,Hot,0.7001
951,9.98,Cold,0.0998
952,41.49,Warm,0.4149
953,31.93,Cold,0.3193
954,96.8,Hot,0.968
955,48.63,Warm,0.4863
956,75.25,Hot,0.7525
957,71.29,Hot,0.7129
958,39.23,Cold,0.3923
959,70.17,Hot,0.7017
960,7.94,Cold,0.0794
961,86.41,Hot,0.8641
962,93.42,Hot,0.9342
963,23.1,Cold,0.231
964,40.67,Warm,0.4067
965,62.15,Warm,0.6215
966,16.17,Cold,0.1617
967,20.66,Cold,0.2066
968,65.76,Warm,0.6576
969,40.72,Warm,0.4072
970,83.27,Hot,0.8327
971,71.93,Hot,0.7193
972,4.82,Cold,0.0482
973,14.68,Cold,0.1468
974,93.1,Hot,0.931
975,2.91,Cold,0.0291
976,62.3,Warm,0.623
977,74.13,Hot,0.7413
978,16.31,Cold,0.1631
979,14.04,Cold,0.1404
980,39.97,Cold,0.3997
981,13.28,Cold,0.1328
982,74.53,Hot,0.7453
983,78.0,Hot,0.78
984,85.33,Hot,0.8533
985,21.03,Cold,0.2103
986,24.54,Cold,0.2454
987,74.6,Hot,0.746
988,18.28,Cold,0.1828
989,77.58,Hot,0.7758
990,3.63,Cold,0.0363
991,71.29,Hot,0.7129
992,10.0,Cold,0.1
993,68.6,Warm,0.686
994,18.08,Cold,0.1808
995,87.8,Hot,0.878
996,56.34,Warm,0.5634
997,17.7,Cold,0.177
998,64.88,Warm,0.6488
999,4.69,Cold,0.0469
1000,40.13,Warm,0.4013
1001,17.14,Cold,0.1714
1002,18.62,Cold,0.1862
1003,57.47,Warm,0.5747
1004,76.47,Hot,0.7647
1005,33.97,Cold,0.3397
1006,15.45,Cold,0.1545
1007,83.65,Hot,0.8365
1008,21.25,Cold,0.2125
1009,23.03,Cold,0.2303
1010,94.18,Hot,0.9418
1011,74.92,Hot,0.7492
1012,36.25,Cold,0.3625
1013,71.27,Hot,0.7127
1014,16.39,Cold,0.1639
1015,83.47,Hot,0.8347
1016,46.11,Warm,0.4611
1017,41.94,Warm,0.4194
1018,78.98,Hot,0.7898
1019,30.97,Cold,0.3097
1020,14.51,Cold,0.1451
1021,76.56,Hot,0.7656
1022,41.97,Warm,0.4197
1023,60.68,Warm,0.6068
1024,21.31,Cold,0.2131
1025,61.43,Warm,0.6143
1026,70.55,Hot,0.7055
1027,51.36,Warm,0.5136
1028,14.02,Cold,0.1402
1029,20.02,Cold,0.2002
1030,87.97,Hot,0.8797
1031,94.08,Hot,0.9408
1032,80.88,Hot,0.8088
1033,39.09,Cold,0.3909
1034,11.78,Cold,0.1178
1035,17.68,Cold,0.1768
1036,75.25,Hot,0.7525
1037,98.98,Hot,0.9898
1038,74.86,Hot,0.7486
1039,19.17,Cold,0.1917
1040,92.42,Hot,0.9242
1041,85.33,Hot,0.8533
1042,35.6,Cold,0.356
1043,72.38,Hot,0.7238
1044,20.89,Cold,0.2089
1045,18.25,Cold,0.1825
1046,35.86,Cold,0.3586
1047,68.0,Warm,0.68
1048,56.07,Warm,0.5607
1049,35.7,Cold,0.357
1050,17.57,Cold,0.1757
1051,73.31,Hot,0.7331
1052,12.07,Cold,0.1207
1053,79.44,Hot,0.7944
1054,95.31,Hot,0.9531
1055,69.5,Warm,0.695
1056,80.41,Hot,0.8041
1057,89.78,Hot,0.8978
1058,20.66,Cold,0.2066
1059,44.38,Warm,0.4438
1060,31.43,Cold,0.3143
1061,83.64,Hot,0.8364
1062,19.74,Cold,0.1974
1063,69.86,Warm,0.6986
1064,34.2,Cold,0.342
1065,76.87,Hot,0.7687
1066,10.27,Cold,0.1027
1067,21.63,Cold,0.2163
1068,34.17,Cold,0.3417
1069,73.57,Hot,0.7357
1070,14.24,Cold,0.1424
1071,16.92,Cold,0.1692
1072,10.43,Cold,0.1043
1073,77.28,Hot,0.7728
1074,78.67,Hot,0.7867
1075,80.2,Hot,0.802
1076,12.68,Cold,0.1268
1077,19.37,Cold,0.1937
1078,18.49,Cold,0.1849
1079,65.88,Warm,0.6588
1080,14.96,Cold,0.1496
1081,68.53,Warm,0.6853
1082,64.99,Warm,0.6499
1083,83.18,Hot,0.8318
1084,9.28,Cold,0.0928
1085,78.56,Hot,0.7856
1086,20.36,Cold,0.2036
1087,85.33,Hot,0.8533
1088,20.89,Cold,0.2089
1089,74.68,Hot,0.7468
1090,31.44,Cold,0.3144
1091,30.56,Cold,0.3056
1092,16.57,Cold,0.1657
1093,8.25,Cold,0.0825
1094,90.25,Hot,0.9025
1095,84.43,Hot,0.8443
1096,79.73,Hot,0.7973
1097,8.96,Cold,0.0896
1098,18.62,Cold,0.1862
1099,61.95,Warm,0.6195
1100,17.25,Cold,0.1725
1101,18.35,Cold,0.1835
1102,16.17,Cold,0.1617
1103,80.26,Hot,0.8026
1104,8.49,Cold,0.0849
1105,21.5,Cold,0.215
1106,36.07,Cold,0.3607
1107,57.82,Warm,0.5782
1108,21.5,Cold,0.215
1109,75.95,Hot,0.7595
1110,19.48,Cold,0.1948
1111,12.7,Cold,0.127
1112,17.07,Cold,0.1707
1113,10.56,Cold,0.1056
1114,81.12,Hot,0.8112
1115,15.37,Cold,0.1537
1116,58.08,Warm,0.5808
1117,54.0,Warm,0.54
1118,14.28,Cold,0.1428
1119,70.24,Hot,0.7024
1120,31.47,Cold,0.3147
1121,18.19,Cold,0.1819
1122,82.76,Hot,0.8276
1123,46.16,Warm,0.4616
1124,26.16,Cold,0.2616
1125,70.67,Hot,0.7067
1126,95.06,Hot,0.9506
1127,15.4,Cold,0.154
1128,25.56,Cold,0.2556
1129,71.27,Hot,0.7127
1130,3.82,Cold,0.0382
1131,66.33,Warm,0.6633
1132,4.3,Cold,0.043
1133,78.96,Hot,0.7896
1134,11.67,Cold,0.1167
1135,59.63,Warm,0.5963
1136,17.11,Cold,0.1711
1137,18.22,Cold,0.1822
1138,79.67,Hot,0.7967
1139,26.99,Cold,0.2699
1140,21.53,Cold,0.2153
1141,28.15,Cold,0.2815
1142,96.35,Hot,0.9635
1143,70.58,Hot,0.7058
1144,5.9,Cold,0.059
1145,30.97,Cold,0.3097
1146,77.87,Hot,0.7787
1147,17.39,Cold,0.1739
1148,13.5,Cold,0.135
1149,82.33,Hot,0.8233
1150,9.22,Cold,0.0922
1151,31.22,Cold,0.3122
1152,79.73,Hot,0.7973
1153,41.31,Warm,0.4131
1154,85.81,Hot,0.8581
1155,74.93,Hot,0.7493
1156,84.12,Hot,0.8412
1157,41.74,Warm,0.4174
1158,18.28,Cold,0.1828
1159,64.49,Warm,0.6449
1160,5.79,Cold,0.0579
1161,25.04,Cold,0.2504
1162,16.45,Cold,0.1645
1163,21.47,Cold,0.2147
1164,43.99,Warm,0.4399
1165,96.08,Hot,0.9608
1166,14.21,Cold,0.1421
1167,6.44,Cold,0.0644
1168,7.13,Cold,0.0713
1169,80.12,Hot,0.8012
1170,65.76,Warm,0.6576
1171,17.58,Cold,0.1758
1172,6.78,Cold,0.0678
1173,71.95,Hot,0.7195
1174,12.57,Cold,0.1257
1175,69.86,Warm,0.6986
1176,19.79,Cold,0.1979
1177,11.53,Cold,0.1153
1178,3.06,Cold,0.0306
1179,14.65,Cold,0.1465
1180,16.39,Cold,0.1639
1181,9.67,Cold,0.0967
1182,72.82,Hot,0.7282
1183,69.43,Warm,0.6943
1184,69.15,Warm,0.6915
1185,69.2,Warm,0.692
1186,10.25,Cold,0.1025
1187,73.7,Hot,0.737
1188,74.39,Hot,0.7439
1189,72.26,Hot,0.7226
1190,69.86,Warm,0.6986
1191,14.2,Cold,0.142
1192,66.66,Warm,0.6666
1193,36.29,Cold,0.3629
1194,14.76,Cold,0.1476
1195,72.63,Hot,0.7263
1196,84.67,Hot,0.8467
1197,17.14,Cold,0.1714
1198,15.16,Cold,0.1516
1199,16.73,Cold,0.1673
1200,59.08,Warm,0.5908
1201,71.73,Hot,0.7173
1202,43.94,Warm,0.4394
1203,86.65,Hot,0.8665
1204,80.93,Hot,0.8093
1205,16.98,Cold,0.1698
1206,33.69,Cold,0.3369
1207,96.57,Hot,0.9657
1208,16.73,Cold,0.1673
1209,5.94,Cold,0.0594
1210,19.04,Cold,0.1904
1211,3.71,Cold,0.0371
1212,11.38,Cold,0.1138
1213,43.82,Warm,0.4382
1214,18.11,Cold,0.1811
1215,43.48,Warm,0.4348
1216,18.26,Cold,0.1826
1217,3.63,Cold,0.0363
1218,9.25,Cold,0.0925
1219,84.67,Hot,0.8467
1220,22.31,Cold,0.2231
1221,80.52,Hot,0.8052
1222,36.24,Cold,0.3624
1223,6.25,Cold,0.0625
1224,9.25,Cold,0.0925
1225,3.6,Cold,0.036
1226,15.98,Cold,0.1598
1227,97.27,Hot,0.9727
1228,23.94,Cold,0.2394
1229,24.69,Cold,0.2469
1230,10.49,Cold,0.1049
1231,33.29,Cold,0.3329
1232,14.43,Cold,0.1443
1233,96.08,Hot,0.9608
1234,99.0,Hot,0.99
1235,80.43,Hot,0.8043
1236,77.84,Hot,0.7784
1237,40.22,Warm,0.4022
1238,18.67,Cold,0.1867
1239,88.44,Hot,0.8844
1240,35.48,Cold,0.3548
1241,18.36,Cold,0.1836
1242,85.52,Hot,0.8552
1243,16.01,Cold,0.1601
1244,14.35,Cold,0.1435
1245,22.94,Cold,0.2294
1246,30.35,Cold,0.3035
1247,36.88,Cold,0.3688
1248,36.13,Cold,0.3613
1249,34.28,Cold,0.3428
1250,79.44,Hot,0.7944
1251,38.08,Cold,0.3808
1252,74.13,Hot,0.7413
1253,55.31,Warm,0.5531
1254,84.89,Hot,0.8489
1255,14.72,Cold,0.1472
1256,16.31,Cold,0.1631
1257,7.88,Cold,0.0788
1258,74.57,Hot,0.7457
1259,16.53,Cold,0.1653
1260,83.27,Hot,0.8327
1261,88.76,Hot,0.8876
1262,81.76,Hot,0.8176
1263,37.23,Cold,0.3723
1264,14.76,Cold,0.1476
1265,25.91,Cold,0.2591
1266,66.33,Warm,0.6633
1267,86.52,Hot,0.8652
1268,17.07,Cold,0.1707
1269,16.09,Cold,0.1609
1270,13.51,Cold,0.1351
1271,10.72,Cold,0.1072
1272,81.97,Hot,0.8197
1273,7.17,Cold,0.0717
1274,43.99,Warm,0.4399
1275,91.41,Hot,0.9141
1276,10.41,Cold,0.1041
1277,18.36,Cold,0.1836
1278,5.72,Cold,0.0572
1279,79.96,Hot,0.7996
1280,24.64,Cold,0.2464
1281,18.1,Cold,0.181
1282,68.83,Warm,0.6883
1283,16.49,Cold,0.1649
1284,79.6,Hot,0.796
1285,33.85,Cold,0.3385
1286,18.28,Cold,0.1828
1287,41.46,Warm,0.4146
1288,91.22,Hot,0.9122
1289,82.74,Hot,0.8274
1290,42.71,Warm,0.4271
1291,72.83,Hot,0.7283
1292,13.69,Cold,0.1369
1293,16.31,Cold,0.1631
1294,85.43,Hot,0.8543
1295,55.68,Warm,0.5568
1296,12.75,Cold,0.1275
1297,49.91,Warm,0.4991
1298,14.97,Cold,0.1497
1299,64.88,Warm,0.6488
1300,12.54,Cold,0.1254
1301,83.51,Hot,0.8351
1302,17.22,Cold,0.1722
1303,71.73,Hot,0.7173
1304,38.32,Cold,0.3832
1305,95.65,Hot,0.9565
1306,14.82,Cold,0.1482
1307,86.62,Hot,0.8662
1308,6.99,Cold,0.0699
1309,72.49,Hot,0.7249
1310,58.46,Warm,0.5846
1311,35.12,Cold,0.3512
1312,23.99,Cold,0.2399
1313,23.15,Cold,0.2315
1314,79.63,Hot,0.7963
1315,31.01,Cold,0.3101
1316,31.69,Cold,0.3169
1317,82.17,Hot,0.8217
1318,67.67,Warm,0.6767
1319,11.18,Cold,0.1118
1320,58.72,Warm,0.5872
1321,27.34,Cold,0.2734
1322,72.2,Hot,0.722
1323,38.57,Cold,0.3857
1324,16.37,Cold,0.1637
1325,60.07,Warm,0.6007
1326,57.99,Warm,0.5799
1327,30.28,Cold,0.3028
1328,83.16,Hot,0.8316
1329,13.34,Cold,0.1334
1330,14.72,Cold,0.1472
1331,66.33,Warm,0.6633
1332,9.61,Cold,0.0961
1333,46.53,Warm,0.4653
1334,59.21,Warm,0.5921
1335,41.87,Warm,0.4187
1336,72.12,Hot,0.7212
1337,13.92,Cold,0.1392
1338,18.1,Cold,0.181
1339,19.92,Cold,0.1992
1340,59.74,Warm,0.5974
1341,12.28,Cold,0.1228
1342,78.47,Hot,0.7847
1343,17.3,Cold,0.173
1344,86.52,Hot,0.8652
1345,31.55,Cold,0.3155
1346,62.06,Warm,0.6206
1347,24.09,Cold,0.2409
1348,69.21,Warm,0.6921
1349,7.64,Cold,0.0764
1350,13.55,Cold,0.1355
1351,86.59,Hot,0.8659
1352,96.99,Hot,0.9699
1353,12.36,Cold,0.1236
1354,57.09,Warm,0.5709
1355,82.17,Hot,0.8217
1356,60.02,Warm,0.6002
1357,13.28,Cold,0.1328
1358,19.07,Cold,0.1907
1359,96.35,Hot,0.9635
1360,44.08,Warm,0.4408
1361,73.91,Hot,0.7391
1362,74.68,Hot,0.7468
1363,33.65,Cold,0.3365
1364,78.19,Hot,0.7819
1365,13.28,Cold,0.1328
1366,73.99,Hot,0.7399
1367,68.53,Warm,0.6853
1368,96.27,Hot,0.9627
1369,70.61,Hot,0.7061
1370,4.89,Cold,0.0489
1371,17.56,Cold,0.1756
1372,75.17,Hot,0.7517
1373,66.51,Warm,0.6651
1374,18.25,Cold,0.1825
1375,62.65,Warm,0.6265
1376,84.29,Hot,0.8429
1377,14.8,Cold,0.148
1378,52.63,Warm,0.5263
1379,75.69,Hot,0.7569
1380,5.47,Cold,0.0547
1381,30.58,Cold,0.3058
1382,25.68,Cold,0.2568
1383,10.89,Cold,0.1089
1384,81.26,Hot,0.8126
1385,77.23,Hot,0.7723
1386,11.33,Cold,0.1133
1387,38.19,Cold,0.3819
1388,76.22,Hot,0.7622
1389,18.1,Cold,0.181
1390,18.49,Cold,0.1849
1391,34.17,Cold,0.3417
1392,65.84,Warm,0.6584
1393,10.41,Cold,0.1041
1394,70.01,Hot,0.7001
1395,70.38,Hot,0.7038
1396,18.32,Cold,0.1832
1397,14.51,Cold,0.1451
1398,79.94,Hot,0.7994
1399,85.87,Hot,0.8587
1400,75.63,Hot,0.7563
1401,85.81,Hot,0.8581
1402,64.67,Warm,0.6467
1403,51.2,Warm,0.512
1404,57.03,Warm,0.5703
1405,24.74,Cold,0.2474
1406,17.58,Cold,0.1758
1407,21.15,Cold,0.2115
1408,79.57,Hot,0.7957
1409,29.65,Cold,0.2965
1410,75.17,Hot,0.7517
1411,70.82,Hot,0.7082
1412,17.39,Cold,0.1739
1413,34.13,Cold,0.3413
1414,74.68,Hot,0.7468
1415,19.37,Cold,0.1937
1416,6.44,Cold,0.0644
1417,77.88,Hot,0.7788
1418,69.4,Warm,0.694
1419,7.5,Cold,0.075
1420,91.83,Hot,0.9183
1421,43.41,Warm,0.4341
1422,17.44,Cold,0.1744
1423,15.08,Cold,0.1508
1424,8.51,Cold,0.0851
1425,9.8,Cold,0.098
1426,76.19,Hot,0.7619
1427,77.48,Hot,0.7748
1428,72.82,Hot,0.7282
1429,34.92,Cold,0.3492
1430,16.15,Cold,0.1615
1431,9.33,Cold,0.0933
1432,66.72,Warm,0.6672
1433,9.49,Cold,0.0949
1434,14.51,Cold,0.1451
1435,17.07,Cold,0.1707
1436,4.33,Cold,0.0433
1437,19.37,Cold,0.1937
1438,71.81,Hot,0.7181
1439,9.25,Cold,0.0925
1440,9.58,Cold,0.0958
1441,88.12,Hot,0.8812
1442,7.84,Cold,0.0784
1443,22.94,Cold,0.2294
1444,91.44,Hot,0.9144
1445,75.4,Hot,0.754
1446,33.93,Cold,0.3393
1447,18.62,Cold,0.1862
1448,13.28,Cold,0.1328
1449,72.08,Hot,0.7208
1450,71.9,Hot,0.719
1451,60.5,Warm,0.605
1452,35.48,Cold,0.3548
1453,84.38,Hot,0.8438
1454,6.67,Cold,0.0667
1455,33.18,Cold,0.3318
1456,72.55,Hot,0.7255
1457,61.91,Warm,0.6191
1458,79.94,Hot,0.7994
1459,18.49,Cold,0.1849
1460,18.49,Cold,0.1849
1461,58.46,Warm,0.5846
1462,15.76,Cold,0.1576
1463,42.02,Warm,0.4202
1464,20.6,Cold,0.206
1465,42.79,Warm,0.4279
1466,70.25,Hot,0.7025
1467,9.63,Cold,0.0963
1468,18.33,Cold,0.1833
1469,69.5,Warm,0.695
1470,92.02,Hot,0.9202
1471,16.03,Cold,0.1603
1472,10.0,Cold,0.1
1473,13.28,Cold,0.1328
1474,22.49,Cold,0.2249
1475,43.99,Warm,0.4399
1476,78.47,Hot,0.7847
1477,40.65,Warm,0.4065
1478,19.79,Cold,0.1979
1479,11.03,Cold,0.1103
1480,16.23,Cold,0.1623
1481,55.66,Warm,0.5566
1482,33.3,Cold,0.333
1483,66.12,Warm,0.6612
1484,19.79,Cold,0.1979
1485,41.1,Warm,0.411
1486,91.41,Hot,0.9141
1487,35.12,Cold,0.3512
1488,30.35,Cold,0.3035
1489,17.39,Cold,0.1739
1490,84.67,Hot,0.8467
1491,12.59,Cold,0.1259
1492,71.22,Hot,0.7122
1493,78.96,Hot,0.7896
1494,73.24,Hot,0.7324
1495,9.65,Cold,0.0965
1496,15.49,Cold,0.1549
1497,15.95,Cold,0.1595
1498,5.97,Cold,0.0597
1499,7.45,Cold,0.0745
1500,16.15,Cold,0.1615
1501,59.65,Warm,0.5965
1502,20.59,Cold,0.2059
1503,81.21,Hot,0.8121
1504,53.34,Warm,0.5334
1505,17.39,Cold,0.1739
1506,8.11,Cold,0.0811
1507,35.0,Cold,0.35
1508,56.79,Warm,0.5679
1509,18.28,Cold,0.1828
1510,72.12,Hot,0.7212
1511,79.75,Hot,0.7975
1512,39.35,Cold,0.3935
1513,72.82,Hot,0.7282
1514,16.65,Cold,0.1665
1515,24.9,Cold,0.249
1516,32.48,Cold,0.3248
1517,71.27,Hot,0.7127
1518,57.61,Warm,0.5761
1519,93.11,Hot,0.9311
1520,22.36,Cold,0.2236
1521,16.17,Cold,0.1617
1522,16.12,Cold,0.1612
1523,17.7,Cold,0.177
1524,76.61,Hot,0.7661
1525,17.59,Cold,0.1759
1526,36.32,Cold,0.3632
1527,14.76,Cold,0.1476
1528,23.88,Cold,0.2388
1529,72.18,Hot,0.7218
1530,7.27,Cold,0.0727
1531,6.77,Cold,0.0677
1532,3.01,Cold,0.0301
1533,74.97,Hot,0.7497
1534,86.94,Hot,0.8694
1535,86.31,Hot,0.8631
1536,84.89,Hot,0.8489
1537,17.25,Cold,0.1725
1538,49.33,Warm,0.4933
1539,6.28,Cold,0.0628
1540,46.52,Warm,0.4652
1541,18.56,Cold,0.1856
1542,74.85,Hot,0.7485
1543,15.62,Cold,0.1562
1544,57.0,Warm,0.57
1545,16.3,Cold,0.163
1546,16.15,Cold,0.1615
1547,79.3,Hot,0.793
1548,69.45,Warm,0.6945
1549,18.49,Cold,0.1849
1550,78.31,Hot,0.7831
1551,42.32,Warm,0.4232
1552,72.28,Hot,0.7228
1553,58.9,Warm,0.589
1554,3.95,Cold,0.0395
1555,86.35,Hot,0.8635
1556,13.2,Cold,0.132
1557,18.11,Cold,0.1811
1558,21.34,Cold,0.2134
1559,42.02,Warm,0.4202
1560,18.11,Cold,0.1811
1561,42.23,Warm,0.4223
1562,5.78,Cold,0.0578
1563,14.0,Cold,0.14
1564,42.34,Warm,0.4234
1565,34.67,Cold,0.3467
1566,13.9,Cold,0.139
1567,74.68,Hot,0.7468
1568,89.52,Hot,0.8952
1569,17.76,Cold,0.1776
1570,36.3,Cold,0.363
1571,22.3,Cold,0.223
1572,13.98,Cold,0.1398
1573,93.66,Hot,0.9366
1574,68.66,Warm,0.6866
1575,76.26,Hot,0.7626
1576,17.38,Cold,0.1738
1577,24.26,Cold,0.2426
1578,86.23,Hot,0.8623
1579,5.78,Cold,0.0578
1580,79.14,Hot,0.7914
1581,9.49,Cold,0.0949
1582,17.24,Cold,0.1724
1583,25.04,Cold,0.2504
1584,9.31,Cold,0.0931
1585,3.01,Cold,0.0301
1586,6.6,Cold,0.066
1587,73.95,Hot,0.7395
1588,69.86,Warm,0.6986
1589,86.35,Hot,0.8635
1590,80.73,Hot,0.8073
1591,17.76,Cold,0.1776
1592,7.59,Cold,0.0759
1593,19.07,Cold,0.1907
1594,72.82,Hot,0.7282
1595,16.79,Cold,0.1679
1596,36.32,Cold,0.3632
1597,80.64,Hot,0.8064
1598,20.7,Cold,0.207
1599,72.5,Hot,0.725
1600,3.01,Cold,0.0301
1601,12.25,Cold,0.1225
1602,33.8,Cold,0.338
1603,7.2,Cold,0.072
1604,60.3,Warm,0.603
1605,51.32,Warm,0.5132
1606,74.27,Hot,0.7427
1607,27.4,Cold,0.274
1608,14.42,Cold,0.1442
1609,7.03,Cold,0.0703
1610,22.03,Cold,0.2203
1611,20.02,Cold,0.2002
1612,86.65,Hot,0.8665
1613,72.16,Hot,0.7216
1614,33.87,Cold,0.3387
1615,98.62,Hot,0.9862
1616,22.51,Cold,0.2251
1617,14.99,Cold,0.1499
1618,69.86,Warm,0.6986
1619,72.77,Hot,0.7277
1620,13.98,Cold,0.1398
1621,85.57,Hot,0.8557
1622,91.34,Hot,0.9134
1623,48.44,Warm,0.4844
1624,16.45,Cold,0.1645
1625,60.24,Warm,0.6024
1626,22.63,Cold,0.2263
1627,70.09,Hot,0.7009
1628,14.24,Cold,0.1424
1629,77.26,Hot,0.7726
1630,69.44,Warm,0.6944
1631,41.95,Warm,0.4195
1632,54.19,Warm,0.5419
1633,9.37,Cold,0.0937
1634,42.38,Warm,0.4238
1635,13.45,Cold,0.1345
1636,3.02,Cold,0.0302
1637,41.08,Warm,0.4108
1638,17.14,Cold,0.1714
1639,62.13,Warm,0.6213
1640,15.09,Cold,0.1509
1641,26.13,Cold,0.2613
1642,3.12,Cold,0.0312
1643,17.03,Cold,0.1703
1644,90.33,Hot,0.9033
1645,16.12,Cold,0.1612
1646,80.26,Hot,0.8026
1647,74.12,Hot,0.7412
1648,72.26,Hot,0.7226
1649,74.68,Hot,0.7468
1650,99.37,Hot,0.9937
1651,87.17,Hot,0.8717
1652,16.41,Cold,0.1641
1653,18.11,Cold,0.1811
1654,6.28,Cold,0.0628
1655,50.79,Warm,0.5079
1656,34.41,Cold,0.3441
1657,80.38,Hot,0.8038
1658,90.25,Hot,0.9025
1659,37.22,Cold,0.3722
1660,68.17,Warm,0.6817
1661,13.41,Cold,0.1341
1662,64.24,Warm,0.6424
1663,98.6,Hot,0.986
1664,19.27,Cold,0.1927
1665,13.5,Cold,0.135
1666,6.18,Cold,0.0618
1667,39.82,Cold,0.3982
1668,83.27,Hot,0.8327
1669,34.93,Cold,0.3493
1670,56.12,Warm,0.5612
1671,68.68,Warm,0.6868
1672,29.06,Cold,0.2906
1673,27.15,Cold,0.2715
1674,18.62,Cold,0.1862
1675,35.82,Cold,0.3582
1676,66.17,Warm,0.6617
1677,68.84,Warm,0.6884
1678,31.43,Cold,0.3143
1679,84.67,Hot,0.8467
1680,48.78,Warm,0.4878
1681,14.85,Cold,0.1485
1682,94.38,Hot,0.9438
1683,65.85,Warm,0.6585
1684,75.36,Hot,0.7536
1685,50.81,Warm,0.5081
1686,59.7,Warm,0.597
1687,40.36,Warm,0.4036
1688,6.77,Cold,0.0677
1689,16.51,Cold,0.1651
1690,22.13,Cold,0.2213
1691,82.76,Hot,0.8276
1692,7.84,Cold,0.0784
1693,61.46,Warm,0.6146
1694,3.6,Cold,0.036
1695,22.49,Cold,0.2249
1696,78.81,Hot,0.7881
1697,16.18,Cold,0.1618
1698,71.1,Hot,0.711
1699,83.28,Hot,0.8328
1700,8.91,Cold,0.0891
1701,18.1,Cold,0.181
1702,35.6,Cold,0.356
1703,52.12,Warm,0.5212
1704,14.87,Cold,0.1487
1705,68.74,Warm,0.6874
1706,5.94,Cold,0.0594
1707,35.17,Cold,0.3517
1708,14.42,Cold,0.1442
1709,14.86,Cold,0.1486
1710,70.86,Hot,0.7086
1711,19.38,Cold,0.1938
1712,8.58,Cold,0.0858
1713,58.15,Warm,0.5815
1714,86.87,Hot,0.8687
1715,73.12,Hot,0.7312
1716,59.74,Warm,0.5974
1717,17.76,Cold,0.1776
1718,3.12,Cold,0.0312
1719,75.41,Hot,0.7541
1720,35.82,Cold,0.3582
1721,61.01,Warm,0.6101
1722,49.33,Warm,0.4933
1723,23.27,Cold,0.2327
1724,14.56,Cold,0.1456
1725,26.11,Cold,0.2611
1726,98.44,Hot,0.9844
1727,8.58,Cold,0.0858
1728,6.41,Cold,0.0641
1729,76.26,Hot,0.7626
1730,17.58,Cold,0.1758
1731,42.85,Warm,0.4285
1732,40.05,Warm,0.4005
1733,83.03,Hot,0.8303
1734,34.17,Cold,0.3417
1735,91.01,Hot,0.9101
1736,92.95,Hot,0.9295
1737,86.65,Hot,0.8665
1738,85.87,Hot,0.8587
1739,87.08,Hot,0.8708
1740,86.31,Hot,0.8631
1741,84.12,Hot,0.8412
1742,5.9,Cold,0.059
1743,35.49,Cold,0.3549
1744,84.22,Hot,0.8422
1745,4.72,Cold,0.0472
1746,54.91,Warm,0.5491
1747,67.4,Warm,0.674
1748,10.84,Cold,0.1084
1749,73.07,Hot,0.7307
1750,70.38,Hot,0.7038
1751,10.43,Cold,0.1043
1752,86.35,Hot,0.8635
1753,5.78,Cold,0.0578
1754,71.6,Hot,0.716
1755,16.71,Cold,0.1671
1756,51.32,Warm,0.5132
1757,89.7,Hot,0.897
1758,86.59,Hot,0.8659
1759,77.75,Hot,0.7775
1760,69.21,Warm,0.6921
1761,90.25,Hot,0.9025
1762,93.8,Hot,0.938
1763,54.78,Warm,0.5478
1764,16.09,Cold,0.1609
1765,75.22,Hot,0.7522
1766,17.14,Cold,0.1714
1767,87.98,Hot,0.8798
1768,20.3,Cold,0.203
1769,23.88,Cold,0.2388
1770,84.38,Hot,0.8438
1771,82.8,Hot,0.828
1772,15.95,Cold,0.1595
1773,20.77,Cold,0.2077
1774,14.44,Cold,0.1444
1775,39.54,Cold,0.3954
1776,61.8,Warm,0.618
1777,84.12,Hot,0.8412
1778,33.36,Cold,0.3336
1779,71.55,Hot,0.7155
1780,38.2,Cold,0.382
1781,5.9,Cold,0.059
1782,7.9,Cold,0.079
1783,66.43,Warm,0.6643
1784,62.63,Warm,0.6263
1785,82.2,Hot,0.822
1786,14.51,Cold,0.1451
1787,14.51,Cold,0.1451
1788,31.58,Cold,0.3158
1789,4.13,Cold,0.0413
1790,62.33,Warm,0.6233
1791,82.21,Hot,0.8221
1792,20.82,Cold,0.2082
1793,47.93,Warm,0.4793
1794,13.96,Cold,0.1396
1795,98.98,Hot,0.9898
1796,18.24,Cold,0.1824
1797,96.51,Hot,0.9651
1798,61.88,Warm,0.6188
1799,72.74,Hot,0.7274
1800,7.54,Cold,0.0754
1801,29.9,Cold,0.299
1802,30.62,Cold,0.3062
1803,66.57,Warm,0.6657
1804,35.08,Cold,0.3508
1805,92.28,Hot,0.9228
1806,6.69,Cold,0.0669
1807,82.74,Hot,0.8274
1808,31.58,Cold,0.3158
1809,9.25,Cold,0.0925
1810,85.25,Hot,0.8525
1811,70.38,Hot,0.7038
1812,18.24,Cold,0.1824
1813,30.68,Cold,0.3068
1814,36.25,Cold,0.3625
1815,14.83,Cold,0.1483
1816,11.18,Cold,0.1118
1817,36.25,Cold,0.3625
1818,75.62,Hot,0.7562
1819,24.36,Cold,0.2436
1820,74.03,Hot,0.7403
1821,40.05,Warm,0.4005
1822,26.01,Cold,0.2601
1823,17.39,Cold,0.1739
1824,56.39,Warm,0.5639
1825,14.26,Cold,0.1426
1826,16.26,Cold,0.1626
1827,69.15,Warm,0.6915
1828,64.66,Warm,0.6466
1829,99.35,Hot,0.9935
1830,19.37,Cold,0.1937
1831,84.12,Hot,0.8412
1832,26.59,Cold,0.2659
1833,18.49,Cold,0.1849
1834,25.89,Cold,0.2589
1835,75.95,Hot,0.7595
1836,70.82,Hot,0.7082
1837,88.26,Hot,0.8826
1838,70.98,Hot,0.7098
1839,18.24,Cold,0.1824
1840,72.19,Hot,0.7219
1841,60.02,Warm,0.6002
1842,87.05,Hot,0.8705
1843,94.15,Hot,0.9415
1844,72.93,Hot,0.7293
1845,34.68,Cold,0.3468
1846,17.18,Cold,0.1718
1847,14.35,Cold,0.1435
1848,42.21,Warm,0.4221
1849,42.63,Warm,0.4263
1850,89.45,Hot,0.8945
1851,48.63,Warm,0.4863
1852,15.98,Cold,0.1598
1853,61.6,Warm,0.616
1854,38.56,Cold,0.3856
1855,22.64,Cold,0.2264
1856,75.07,Hot,0.7507
1857,70.83,Hot,0.7083
1858,20.52,Cold,0.2052
1859,99.37,Hot,0.9937
1860,15.39,Cold,0.1539
1861,25.56,Cold,0.2556
1862,61.41,Warm,0.6141
1863,80.11,Hot,0.8011
1864,71.33,Hot,0.7133
1865,6.69,Cold,0.0669
1866,14.97,Cold,0.1497
1867,49.35,Warm,0.4935
1868,98.99,Hot,0.9899
1869,18.19,Cold,0.1819
1870,10.79,Cold,0.1079
1871,72.12,Hot,0.7212
1872,72.12,Hot,0.7212
1873,19.74,Cold,0.1974
1874,54.12,Warm,0.5412
1875,3.06,Cold,0.0306
1876,25.25,Cold,0.2525
1877,90.25,Hot,0.9025
1878,52.3,Warm,0.523
1879,86.45,Hot,0.8645
1880,79.94,Hot,0.7994
1881,99.37,Hot,0.9937
1882,33.07,Cold,0.3307
1883,22.49,Cold,0.2249
1884,24.7,Cold,0.247
1885,90.29,Hot,0.9029
1886,14.38,Cold,0.1438
1887,21.61,Cold,0.2161
1888,78.96,Hot,0.7896
1889,47.93,Warm,0.4793
1890,31.19,Cold,0.3119
1891,31.23,Cold,0.3123
1892,70.93,Hot,0.7093
1893,13.53,Cold,0.1353
1894,68.53,Warm,0.6853
1895,18.32,Cold,0.1832
1896,72.12,Hot,0.7212
1897,73.7,Hot,0.737
1898,14.63,Cold,0.1463
1899,36.33,Cold,0.3633
1900,15.27,Cold,0.1527
1901,73.9,Hot,0.739
1902,18.26,Cold,0.1826
1903,87.05,Hot,0.8705
1904,14.91,Cold,0.1491
1905,64.68,Warm,0.6468
1906,73.16,Hot,0.7316
1907,55.18,Warm,0.5518
1908,76.41,Hot,0.7641
1909,21.02,Cold,0.2102
1910,12.76,Cold,0.1276
1911,77.84,Hot,0.7784
1912,35.65,Cold,0.3565
1913,95.19,Hot,0.9519
1914,17.3,Cold,0.173
1915,15.16,Cold,0.1516
1916,6.28,Cold,0.0628
1917,16.99,Cold,0.1699
1918,17.68,Cold,0.1768
1919,17.79,Cold,0.1779
1920,84.67,Hot,0.8467
1921,3.77,Cold,0.0377
1922,3.48,Cold,0.0348
1923,99.14,Hot,0.9914
1924,99.37,Hot,0.9937
1925,88.3,Hot,0.883
1926,55.56,Warm,0.5556
1927,10.43,Cold,0.1043
1928,84.13,Hot,0.8413
1929,17.07,Cold,0.1707
1930,18.04,Cold,0.1804
1931,98.99,Hot,0.9899
1932,29.01,Cold,0.2901
1933,11.3,Cold,0.113
1934,5.47,Cold,0.0547
1935,83.47,Hot,0.8347
1936,35.12,Cold,0.3512
1937,14.63,Cold,0.1463
1938,34.14,Cold,0.3414
1939,80.16,Hot,0.8016
1940,18.2,Cold,0.182
1941,79.3,Hot,0.793
1942,33.68,Cold,0.3368
1943,70.38,Hot,0.7038
1944,16.41,Cold,0.1641
1945,70.06,Hot,0.7006
1946,78.37,Hot,0.7837
1947,15.87,Cold,0.1587
1948,68.84,Warm,0.6884
1949,58.72,Warm,0.5872
1950,8.67,Cold,0.0867
1951,18.85,Cold,0.1885
1952,18.13,Cold,0.1813
1953,34.68,Cold,0.3468
1954,13.78,Cold,0.1378
1955,46.24,Warm,0.4624
1956,35.76,Cold,0.3576
1957,76.75,Hot,0.7675
1958,82.15,Hot,0.8215
1959,85.81,Hot,0.8581
1960,6.79,Cold,0.0679
1961,17.39,Cold,0.1739
1962,78.96,Hot,0.7896
1963,71.74,Hot,0.7174
1964,30.94,Cold,0.3094
1965,59.56,Warm,0.5956
1966,17.7,Cold,0.177
1967,15.81,Cold,0.1581
1968,86.75,Hot,0.8675
1969,5.54,Cold,0.0554
1970,16.76,Cold,0.1676
1971,29.24,Cold,0.2924
1972,74.8,Hot,0.748
1973,15.98,Cold,0.1598
1974,12.16,Cold,0.1216
1975,30.18,Cold,0.3018
1976,75.82,Hot,0.7582
1977,74.63,Hot,0.7463
1978,15.98,Cold,0.1598
1979,59.99,Warm,0.5999
1980,86.63,Hot,0.8663
1981,24.43,Cold,0.2443
1982,78.21,Hot,0.7821
1983,90.54,Hot,0.9054
1984,86.35,Hot,0.8635
1985,98.12,Hot,0.9812
1986,60.39,Warm,0.6039
1987,4.34,Cold,0.0434
1988,15.94,Cold,0.1594
1989,91.41,Hot,0.9141
1990,16.71,Cold,0.1671
1991,88.06,Hot,0.8806
1992,23.2,Cold,0.232
1993,40.56,Warm,0.4056
1994,55.37,Warm,0.5537
1995,61.88,Warm,0.6188
1996,30.56,Cold,0.3056
1997,40.53,Warm,0.4053
1998,17.14,Cold,0.1714
1999,72.82,Hot,0.7282
2000,51.81,Warm,0.5181
2001,66.51,Warm,0.6651
2002,93.09,Hot,0.9309
2003,17.22,Cold,0.1722
2004,14.87,Cold,0.1487
2005,15.45,Cold,0.1545
2006,71.6,Hot,0.716
2007,64.81,Warm,0.6481
2008,17.14,Cold,0.1714
2009,41.39,Warm,0.4139
2010,22.47,Cold,0.2247
2011,90.93,Hot,0.9093
2012,33.34,Cold,0.3334
2013,70.24,Hot,0.7024
2014,99.37,Hot,0.9937
2015,98.6,Hot,0.986
2016,58.1,Warm,0.581
2017,18.25,Cold,0.1825
2018,13.98,Cold,0.1398
2019,14.09,Cold,0.1409
2020,74.63,Hot,0.7463
2021,69.99,Warm,0.6999
2022,17.14,Cold,0.1714
2023,59.03,Warm,0.5903
2024,11.32,Cold,0.1132
2025,70.38,Hot,0.7038
2026,15.06,Cold,0.1506
2027,71.6,Hot,0.716
2028,38.88,Cold,0.3888
2029,24.44,Cold,0.2444
2030,63.57,Warm,0.6357
2031,16.37,Cold,0.1637
2032,15.92,Cold,0.1592
2033,18.71,Cold,0.1871
2034,55.77,Warm,0.5577
2035,10.92,Cold,0.1092
2036,19.23,Cold,0.1923
2037,68.53,Warm,0.6853
2038,3.12,Cold,0.0312
2039,34.2,Cold,0.342
2040,10.58,Cold,0.1058
2041,30.36,Cold,0.3036
2042,13.65,Cold,0.1365
2043,36.28,Cold,0.3628
2044,15.76,Cold,0.1576
2045,20.66,Cold,0.2066
2046,16.15,Cold,0.1615
2047,87.17,Hot,0.8717
2048,88.37,Hot,0.8837
2049,17.81,Cold,0.1781
2050,19.43,Cold,0.1943
2051,31.43,Cold,0.3143
2052,31.22,Cold,0.3122
2053,79.73,Hot,0.7973
2054,79.24,Hot,0.7924
2055,18.49,Cold,0.1849
2056,56.39,Warm,0.5639
2057,60.06,Warm,0.6006
2058,36.29,Cold,0.3629
2059,93.46,Hot,0.9346
2060,44.15,Warm,0.4415
2061,10.39,Cold,0.1039
2062,45.25,Warm,0.4525
2063,71.15,Hot,0.7115
2064,26.16,Cold,0.2616
2065,22.52,Cold,0.2252
2066,64.32,Warm,0.6432
2067,93.6,Hot,0.936
2068,93.64,Hot,0.9364
2069,72.46,Hot,0.7246
2070,82.76,Hot,0.8276
2071,70.08,Hot,0.7008
2072,14.2,Cold,0.142
2073,64.66,Warm,0.6466
2074,18.49,Cold,0.1849
2075,23.03,Cold,0.2303
2076,96.5,Hot,0.965
2077,87.05,Hot,0.8705
2078,18.11,Cold,0.1811
2079,71.6,Hot,0.716
2080,14.38,Cold,0.1438
2081,18.04,Cold,0.1804
2082,67.6,Warm,0.676
2083,35.7,Cold,0.357
2084,6.76,Cold,0.0676
2085,70.08,Hot,0.7008
2086,7.5,Cold,0.075
2087,4.63,Cold,0.0463
2088,85.98,Hot,0.8598
2089,23.88,Cold,0.2388
2090,67.96,Warm,0.6796
2091,16.71,Cold,0.1671
2092,16.14,Cold,0.1614
2093,78.81,Hot,0.7881
2094,14.43,Cold,0.1443
2095,44.71,Warm,0.4471
2096,35.6,Cold,0.356
2097,21.06,Cold,0.2106
2098,17.14,Cold,0.1714
2099,71.82,Hot,0.7182
2100,54.66,Warm,0.5466
2101,50.08,Warm,0.5008
2102,98.73,Hot,0.9873
2103,64.97,Warm,0.6497
2104,12.65,Cold,0.1265
2105,18.11,Cold,0.1811
2106,9.25,Cold,0.0925
2107,32.54,Cold,0.3254
2108,88.24,Hot,0.8824
2109,83.82,Hot,0.8382
2110,43.32,Warm,0.4332
2111,15.06,Cold,0.1506
2112,54.6,Warm,0.546
2113,69.86,Warm,0.6986
2114,40.05,Warm,0.4005
2115,78.95,Hot,0.7895
2116,6.97,Cold,0.0697
2117,3.56,Cold,0.0356
2118,18.49,Cold,0.1849
2119,69.33,Warm,0.6933
2120,39.21,Cold,0.3921
2121,17.38,Cold,0.1738
2122,24.93,Cold,0.2493
2123,75.74,Hot,0.7574
2124,18.24,Cold,0.1824
2125,36.28,Cold,0.3628
2126,63.57,Warm,0.6357
2127,70.28,Hot,0.7028
2128,9.37,Cold,0.0937
2129,6.69,Cold,0.0669
2130,86.16,Hot,0.8616
2131,57.03,Warm,0.5703
2132,20.61,Cold,0.2061
2133,58.46,Warm,0.5846
2134,63.79,Warm,0.6379
2135,66.3,Warm,0.663
2136,11.12,Cold,0.1112
2137,72.7,Hot,0.727
2138,18.86,Cold,0.1886
2139,85.67,Hot,0.8567
2140,10.63,Cold,0.1063
2141,79.44,Hot,0.7944
2142,12.85,Cold,0.1285
2143,7.62,Cold,0.0762
2144,15.98,Cold,0.1598
2145,92.42,Hot,0.9242
2146,6.96,Cold,0.0696
2147,74.01,Hot,0.7401
2148,18.54,Cold,0.1854
2149,7.45,Cold,0.0745
2150,16.17,Cold,0.1617
2151,87.86,Hot,0.8786
2152,23.28,Cold,0.2328
2153,16.48,Cold,0.1648
2154,84.12,Hot,0.8412
2155,31.43,Cold,0.3143
2156,66.35,Warm,0.6635
2157,84.84,Hot,0.8484
2158,19.6,Cold,0.196
2159,10.72,Cold,0.1072
2160,3.12,Cold,0.0312
2161,21.31,Cold,0.2131
2162,57.99,Warm,0.5799
2163,10.0,Cold,0.1
2164,28.87,Cold,0.2887
2165,75.54,Hot,0.7554
2166,95.23,Hot,0.9523
2167,93.66,Hot,0.9366
2168,42.37,Warm,0.4237
2169,48.85,Warm,0.4885
2170,36.25,Cold,0.3625
2171,12.59,Cold,0.1259
2172,65.31,Warm,0.6531
2173,3.95,Cold,0.0395
2174,16.39,Cold,0.1639
2175,18.24,Cold,0.1824
2176,83.51,Hot,0.8351
2177,18.88,Cold,0.1888
2178,58.23,Warm,0.5823
2179,72.39,Hot,0.7239
2180,10.59,Cold,0.1059
2181,14.01,Cold,0.1401
2182,48.11,Warm,0.4811
2183,17.32,Cold,0.1732
2184,19.82,Cold,0.1982
2185,10.87,Cold,0.1087
2186,75.53,Hot,0.7553
2187,15.47,Cold,0.1547
2188,16.31,Cold,0.1631
2189,13.06,Cold,0.1306
2190,30.63,Cold,0.3063
2191,20.66,Cold,0.2066
2192,72.69,Hot,0.7269
2193,64.09,Warm,0.6409
2194,37.4,Cold,0.374
2195,49.12,Warm,0.4912
2196,14.28,Cold,0.1428
2197,9.39,Cold,0.0939
2198,40.26,Warm,0.4026
2199,35.7,Cold,0.357
2200,14.29,Cold,0.1429
2201,18.24,Cold,0.1824
2202,17.44,Cold,0.1744
